<?xml version="1.0" encoding="UTF-8" standalone="no"?>
<!-- Generated 4 dic 2025, 18:32:44 by Hibernate Tools 6.5.1.Final --><!DOCTYPE hibernate-mapping PUBLIC "-//Hibernate/Hibernate Mapping DTD 3.0//EN" "http://www.hibernate.org/dtd/hibernate-mapping-3.0.dtd">
<hibernate-mapping>
    <class catalog="eduelorrieta" name="modelo.Ciclos" optimistic-lock="none" table="ciclos">
        <id name="id" type="java.lang.Integer">
            <column name="id"/>
            <generator class="identity"/>
        </id>
        <property name="nombre" type="string">
            <column length="200" name="nombre" not-null="true"/>
        </property>
        <set fetch="select" inverse="true" lazy="true" name="moduloses" table="modulos">
            <key>
                <column name="ciclo_id" not-null="true"/>
            </key>
            <one-to-many class="modelo.Modulos"/>
        </set>
        <set fetch="select" inverse="true" lazy="true" name="matriculacioneses" table="matriculaciones">
            <key>
                <column name="ciclo_id" not-null="true"/>
            </key>
            <one-to-many class="modelo.Matriculaciones"/>
        </set>
    </class>
</hibernate-mapping>
