<?xml version="1.0" encoding="UTF-8" standalone="no"?>
<!-- Generated 4 dic 2025, 18:32:44 by Hibernate Tools 6.5.1.Final --><!DOCTYPE hibernate-mapping PUBLIC "-//Hibernate/Hibernate Mapping DTD 3.0//EN" "http://www.hibernate.org/dtd/hibernate-mapping-3.0.dtd">
<hibernate-mapping>
    <class catalog="eduelorrieta" name="modelo.Horarios" optimistic-lock="none" table="horarios">
        <id name="id" type="java.lang.Integer">
            <column name="id"/>
            <generator class="identity"/>
        </id>
        <many-to-one class="modelo.Users" fetch="select" name="users">
            <column name="profe_id" not-null="true"/>
        </many-to-one>
        <many-to-one class="modelo.Modulos" fetch="select" name="modulos">
            <column name="modulo_id" not-null="true"/>
        </many-to-one>
        <property name="dia" type="string">
            <column length="9" name="dia" not-null="true"/>
        </property>
        <property name="hora" type="byte">
            <column name="hora" not-null="true"/>
        </property>
        <property name="aula" type="string">
            <column length="50" name="aula"/>
        </property>
        <property name="observaciones" type="string">
            <column length="255" name="observaciones"/>
        </property>
        <property name="createdAt" type="timestamp">
            <column length="19" name="created_at"/>
        </property>
        <property name="updatedAt" type="timestamp">
            <column length="19" name="updated_at"/>
        </property>
    </class>
</hibernate-mapping>
