<?xml version="1.0" encoding="UTF-8" standalone="no"?>
<!-- Generated 4 dic 2025, 18:32:44 by Hibernate Tools 6.5.1.Final --><!DOCTYPE hibernate-mapping PUBLIC "-//Hibernate/Hibernate Mapping DTD 3.0//EN" "http://www.hibernate.org/dtd/hibernate-mapping-3.0.dtd">
<hibernate-mapping>
    <class catalog="eduelorrieta" name="modelo.Users" optimistic-lock="none" table="users">
        <id name="id" type="java.lang.Integer">
            <column name="id"/>
            <generator class="identity"/>
        </id>
        <many-to-one class="modelo.Tipos" fetch="select" name="tipos">
            <column name="tipo_id" not-null="true"/>
        </many-to-one>
        <property name="email" type="string">
            <column length="100" name="email" not-null="true" unique="true"/>
        </property>
        <property name="username" type="string">
            <column length="50" name="username" not-null="true" unique="true"/>
        </property>
        <property name="password" type="string">
            <column length="255" name="password" not-null="true"/>
        </property>
        <property name="nombre" type="string">
            <column length="50" name="nombre"/>
        </property>
        <property name="apellidos" type="string">
            <column length="100" name="apellidos"/>
        </property>
        <property name="dni" type="string">
            <column length="20" name="dni"/>
        </property>
        <property name="direccion" type="string">
            <column length="255" name="direccion"/>
        </property>
        <property name="telefono1" type="string">
            <column length="20" name="telefono1"/>
        </property>
        <property name="telefono2" type="string">
            <column length="20" name="telefono2"/>
        </property>
        <property name="argazkiaUrl" type="string">
            <column length="255" name="argazkia_url"/>
        </property>
        <property name="createdAt" type="timestamp">
            <column length="19" name="created_at"/>
        </property>
        <property name="updatedAt" type="timestamp">
            <column length="19" name="updated_at"/>
        </property>
        <set fetch="select" inverse="true" lazy="true" name="matriculacioneses" table="matriculaciones">
            <key>
                <column name="alum_id" not-null="true"/>
            </key>
            <one-to-many class="modelo.Matriculaciones"/>
        </set>
        <set fetch="select" inverse="true" lazy="true" name="reunionesesForAlumnoId" table="reuniones">
            <key>
                <column name="alumno_id"/>
            </key>
            <one-to-many class="modelo.Reuniones"/>
        </set>
        <set fetch="select" inverse="true" lazy="true" name="horarioses" table="horarios">
            <key>
                <column name="profe_id" not-null="true"/>
            </key>
            <one-to-many class="modelo.Horarios"/>
        </set>
        <set fetch="select" inverse="true" lazy="true" name="reunionesesForProfesorId" table="reuniones">
            <key>
                <column name="profesor_id"/>
            </key>
            <one-to-many class="modelo.Reuniones"/>
        </set>
    </class>
</hibernate-mapping>
